{"schemaVersion":"1.0","appDefinitionTemplate":{"id":"/providers/Microsoft.PowerApps/apps/","type":"Microsoft.PowerApps/apps","tags":{"primaryDeviceWidth":"1366","primaryDeviceHeight":"768","supportsPortrait":"true","supportsLandscape":"true","primaryFormFactor":"Tablet","publisherVersion":"3.22072.25","minimumRequiredApiVersion":"2.2.0","hasComponent":"false","hasUnlockedComponent":"false","isUnifiedRootApp":"false","sienaVersion":"20220724T164740Z-3.22072.25.0"},"properties":{"appVersion":"2022-07-24T16:47:40Z","lifeCycleId":"Published","createdByClientVersion":{"major":3,"minor":22072,"build":25,"revision":0,"majorRevision":0,"minorRevision":0},"minClientVersion":{"major":3,"minor":22072,"build":25,"revision":0,"majorRevision":0,"minorRevision":0},"backgroundColor":"RGBA(0,176,240,1)","backgroundImageUri":"/16329971959204899755/Ne674db8f-0e91-4cd7-9fa0-7fbf36ebd1d0-logoSmallFile","displayName":"都道府県の地形を覚えるためのアプリ","description":"","commitMessage":"","appUris":{"documentUri":{"value":"/16329971959204899755/Ne3c9b3d1-47a1-4e2f-b424-05668fa6821c-document.msapp"},"imageUris":[],"additionalUris":[]},"createdTime":"0001-01-01T00:00:00Z","lastModifiedTime":"0001-01-01T00:00:00Z","sharedGroupsCount":0,"sharedUsersCount":0,"icons":{"smallIconUri":"/16329971959204899755/N35a6a5f6-52eb-4c96-892d-eae4bef26eb8-small.png","mediumIconUri":"/16329971959204899755/N8e55bcad-fc16-464c-a841-8bf34d2ad2b7-medium.png","largeIconUri":"/16329971959204899755/Ne5b90ece-21ba-4439-b8cb-eca9f8f4133d-large.png","wideIconUri":"/16329971959204899755/N754df6e1-1b5b-44e4-9ad3-9de39a9071e9-wide.png"},"connectionReferences":{"7389fb34-f4cf-413e-b2ba-1686b39d6a84":{"id":"f180e686-e01a-40e7-8089-98407e68b9aa","displayName":"SharePoint","iconUri":"https://connectoricons-prod.azureedge.net/releases/v1.0.1588/1.0.1588.2938/sharepointonline/icon.png","dataSources":["M_都道府県"],"dependencies":[],"dependents":[],"parameterHints":{},"parameterHintsV2":{},"isOnPremiseConnection":false,"bypassConsent":false,"dataSets":{"https://anko7793.sharepoint.com":{"dataSources":{"M_都道府県":{"tableName":"8e3344a7-fcb7-4e80-817b-b02744088250"}}}},"apiTier":"Standard","isCustomApiConnection":false,"actions":["providers/PowerPlatform.Governance/Operations/Read"]}},"databaseReferences":{},"almMode":"Environment","performanceOptimizationEnabled":true,"canConsumeAppPass":true,"executionRestrictions":{"isTeamsOnly":false,"dataLossPreventionEvaluationResult":{"status":"Compliant","lastEvaluationDate":"2022-07-19T02:32:05.7229814Z","violations":[],"violationsByPolicy":[],"violationErrorMessage":"このアプリでは、次のコネクタが使用されます: 。"}}},"appType":"ClassicCanvasApp","appComponents":[]}}